{"v":"4.8.0","meta":{"g":"LottieFiles AE 1.1.0","a":"","k":"","d":"","tc":""},"fr":29.9700012207031,"ip":0,"op":60.0000024438501,"w":500,"h":500,"nm":"Comp 1","ddd":0,"assets":[],"layers":[{"ddd":0,"ind":1,"ty":4,"nm":"Shape Layer 3","sr":1,"ks":{"o":{"a":0,"k":100,"ix":11},"r":{"a":0,"k":26,"ix":10},"p":{"a":0,"k":[238,277,0],"ix":2},"a":{"a":0,"k":[0,0,0],"ix":1},"s":{"a":0,"k":[82.93,75.1,100],"ix":6}},"ao":0,"shapes":[{"ty":"gr","it":[{"ind":0,"ty":"sh","ix":1,"ks":{"a":0,"k":{"i":[[127.899,-126.461],[212.938,-198.888]],"o":[[127.899,-126.461],[212.938,-198.888]],"v":[[127.899,-126.461],[212.938,-198.888]],"c":false},"ix":2},"nm":"Path 1","mn":"ADBE Vector Shape - Group","hd":false,"_render":true},{"ty":"st","c":{"a":0,"k":[0.1631,0.1425,0.2375,1],"ix":3},"o":{"a":0,"k":100,"ix":4},"w":{"a":0,"k":5,"ix":5},"lc":2,"lj":1,"ml":4,"bm":0,"nm":"Stroke 1","mn":"ADBE Vector Graphic - Stroke","hd":false,"_render":true},{"ty":"tr","p":{"a":0,"k":[0,0],"ix":2},"a":{"a":0,"k":[0,0],"ix":1},"s":{"a":0,"k":[100,100],"ix":3},"r":{"a":0,"k":0,"ix":6},"o":{"a":0,"k":100,"ix":7},"sk":{"a":0,"k":0,"ix":4},"sa":{"a":0,"k":0,"ix":5},"nm":"Transform","_render":true}],"nm":"Shape 1","np":3,"cix":2,"bm":0,"ix":1,"mn":"ADBE Vector Group","hd":false,"_render":true},{"ty":"tm","s":{"a":1,"k":[{"i":{"x":[0.667],"y":[1]},"o":{"x":[0.333],"y":[0]},"t":32,"s":[0]},{"t":40.0000016292334,"s":[100]}],"ix":1},"e":{"a":1,"k":[{"i":{"x":[0.667],"y":[1]},"o":{"x":[0.333],"y":[0]},"t":34,"s":[0]},{"t":42.0000017106951,"s":[100]}],"ix":2},"o":{"a":0,"k":0,"ix":3},"m":1,"ix":2,"nm":"Trim Paths 1","mn":"ADBE Vector Filter - Trim","hd":false,"_render":true}],"ip":0,"op":60.0000024438501,"st":0,"bm":0,"completed":true},{"ddd":0,"ind":2,"ty":4,"nm":"Shape Layer 2","sr":1,"ks":{"o":{"a":0,"k":100,"ix":11},"r":{"a":0,"k":26,"ix":10},"p":{"a":0,"k":[258,237,0],"ix":2},"a":{"a":0,"k":[0,0,0],"ix":1},"s":{"a":0,"k":[82.93,75.1,100],"ix":6}},"ao":0,"shapes":[{"ty":"gr","it":[{"ind":0,"ty":"sh","ix":1,"ks":{"a":0,"k":{"i":[[127.899,-126.461],[210.89,-196.951]],"o":[[127.899,-126.461],[210.89,-196.951]],"v":[[127.899,-126.461],[210.89,-196.951]],"c":false},"ix":2},"nm":"Path 1","mn":"ADBE Vector Shape - Group","hd":false,"_render":true},{"ty":"st","c":{"a":0,"k":[0.1631,0.1425,0.2375,1],"ix":3},"o":{"a":0,"k":100,"ix":4},"w":{"a":0,"k":5,"ix":5},"lc":2,"lj":1,"ml":4,"bm":0,"nm":"Stroke 1","mn":"ADBE Vector Graphic - Stroke","hd":false,"_render":true},{"ty":"tr","p":{"a":0,"k":[0,0],"ix":2},"a":{"a":0,"k":[0,0],"ix":1},"s":{"a":0,"k":[100,100],"ix":3},"r":{"a":0,"k":0,"ix":6},"o":{"a":0,"k":100,"ix":7},"sk":{"a":0,"k":0,"ix":4},"sa":{"a":0,"k":0,"ix":5},"nm":"Transform","_render":true}],"nm":"Shape 1","np":3,"cix":2,"bm":0,"ix":1,"mn":"ADBE Vector Group","hd":false,"_render":true},{"ty":"tm","s":{"a":1,"k":[{"i":{"x":[0.667],"y":[1]},"o":{"x":[0.333],"y":[0]},"t":32,"s":[0]},{"t":40.0000016292334,"s":[100]}],"ix":1},"e":{"a":1,"k":[{"i":{"x":[0.667],"y":[1]},"o":{"x":[0.333],"y":[0]},"t":34,"s":[0]},{"t":42.0000017106951,"s":[100]}],"ix":2},"o":{"a":0,"k":0,"ix":3},"m":1,"ix":2,"nm":"Trim Paths 1","mn":"ADBE Vector Filter - Trim","hd":false,"_render":true}],"ip":0,"op":60.0000024438501,"st":0,"bm":0,"completed":true},{"ddd":0,"ind":3,"ty":4,"nm":"Shape Layer 1","sr":1,"ks":{"o":{"a":0,"k":100,"ix":11},"r":{"a":0,"k":26,"ix":10},"p":{"a":0,"k":[218,217,0],"ix":2},"a":{"a":0,"k":[0,0,0],"ix":1},"s":{"a":0,"k":[82.93,75.1,100],"ix":6}},"ao":0,"shapes":[{"ty":"gr","it":[{"ind":0,"ty":"sh","ix":1,"ks":{"a":0,"k":{"i":[[127.899,-126.461],[205.911,-185.974]],"o":[[127.899,-126.461],[205.911,-185.974]],"v":[[127.899,-126.461],[205.911,-185.974]],"c":false},"ix":2},"nm":"Path 1","mn":"ADBE Vector Shape - Group","hd":false,"_render":true},{"ty":"st","c":{"a":0,"k":[0.1631,0.1425,0.2375,1],"ix":3},"o":{"a":0,"k":100,"ix":4},"w":{"a":0,"k":5,"ix":5},"lc":2,"lj":1,"ml":4,"bm":0,"nm":"Stroke 1","mn":"ADBE Vector Graphic - Stroke","hd":false,"_render":true},{"ty":"tr","p":{"a":0,"k":[0,0],"ix":2},"a":{"a":0,"k":[0,0],"ix":1},"s":{"a":0,"k":[100,100],"ix":3},"r":{"a":0,"k":0,"ix":6},"o":{"a":0,"k":100,"ix":7},"sk":{"a":0,"k":0,"ix":4},"sa":{"a":0,"k":0,"ix":5},"nm":"Transform","_render":true}],"nm":"Shape 1","np":3,"cix":2,"bm":0,"ix":1,"mn":"ADBE Vector Group","hd":false,"_render":true},{"ty":"tm","s":{"a":1,"k":[{"i":{"x":[0.667],"y":[1]},"o":{"x":[0.333],"y":[0]},"t":32,"s":[0]},{"t":40.0000016292334,"s":[100]}],"ix":1},"e":{"a":1,"k":[{"i":{"x":[0.667],"y":[1]},"o":{"x":[0.333],"y":[0]},"t":35,"s":[0]},{"t":43.0000017514259,"s":[100]}],"ix":2},"o":{"a":0,"k":0,"ix":3},"m":1,"ix":2,"nm":"Trim Paths 1","mn":"ADBE Vector Filter - Trim","hd":false,"_render":true}],"ip":0,"op":60.0000024438501,"st":0,"bm":0,"completed":true},{"ddd":0,"ind":4,"ty":4,"nm":"flap/movie Outlines","sr":1,"ks":{"o":{"a":0,"k":100,"ix":11},"r":{"a":0,"k":0,"ix":10},"p":{"a":0,"k":[98.5,220.5,0],"ix":2},"a":{"a":0,"k":[47.5,60,0],"ix":1},"s":{"a":0,"k":[100,100,100],"ix":6}},"ao":0,"shapes":[{"ty":"gr","it":[{"ind":0,"ty":"sh","ix":1,"ks":{"a":1,"k":[{"i":{"x":0.833,"y":0.833},"o":{"x":0.333,"y":0},"t":27,"s":[{"i":[[12.968,-7.162],[7.161,12.967],[-12.968,7.161],[-7.162,-12.967]],"o":[[12.968,7.161],[-7.162,12.967],[-12.968,-7.162],[7.161,-12.967]],"v":[[12.968,-0.001],[0,12.967],[-12.968,-0.001],[0,-12.967]],"c":true}]},{"i":{"x":0.667,"y":1},"o":{"x":0.167,"y":0.167},"t":35,"s":[{"i":[[10.468,2.838000000000001],[7.161,17.967],[-10.468,17.161],[-7.162,2.033]],"o":[[10.468,17.161],[-7.162,17.967],[-10.468,2.838000000000001],[7.161,2.033]],"v":[[10.468,9.999],[0,17.967],[-10.468,9.999],[0,2.033]],"c":true}]},{"t":42.0000017106951,"s":[{"i":[[12.968,-7.162],[7.161,12.967],[-12.968,7.161],[-7.162,-12.967]],"o":[[12.968,7.161],[-7.162,12.967],[-12.968,-7.162],[7.161,-12.967]],"v":[[12.968,-0.001],[0,12.967],[-12.968,-0.001],[0,-12.967]],"c":true}]}],"ix":2},"nm":"Path 1","mn":"ADBE Vector Shape - Group","hd":false,"_render":true},{"ty":"st","c":{"a":0,"k":[0.92,0.92,0.92,1],"ix":3},"o":{"a":0,"k":100,"ix":4},"w":{"a":0,"k":3,"ix":5},"lc":1,"lj":1,"ml":10,"bm":0,"nm":"Stroke 1","mn":"ADBE Vector Graphic - Stroke","hd":false,"_render":true},{"ty":"tr","p":{"a":0,"k":[24.792,80.765],"ix":2},"a":{"a":0,"k":[0,0],"ix":1},"s":{"a":0,"k":[100,100],"ix":3},"r":{"a":0,"k":0,"ix":6},"o":{"a":0,"k":100,"ix":7},"sk":{"a":0,"k":0,"ix":4},"sa":{"a":0,"k":0,"ix":5},"nm":"Transform","_render":true}],"nm":"Group 1","np":2,"cix":2,"bm":0,"ix":1,"mn":"ADBE Vector Group","hd":false,"_render":true},{"ty":"gr","it":[{"ind":0,"ty":"sh","ix":1,"ks":{"a":1,"k":[{"i":{"x":0.667,"y":1},"o":{"x":0.333,"y":0},"t":27,"s":[{"i":[[-34.548,-51.628],[34.548,51.628]],"o":[[-34.548,-51.628],[34.548,51.628]],"v":[[-34.548,-51.628],[34.548,51.628]],"c":false}]},{"i":{"x":0.667,"y":1},"o":{"x":0.333,"y":0},"t":35,"s":[{"i":[[-34.548,-31.628],[34.548,61.628]],"o":[[-34.548,-31.628],[34.548,61.628]],"v":[[-34.548,-31.628],[34.548,61.628]],"c":false}]},{"t":42.0000017106951,"s":[{"i":[[-34.548,-51.628],[34.548,51.628]],"o":[[-34.548,-51.628],[34.548,51.628]],"v":[[-34.548,-51.628],[34.548,51.628]],"c":false}]}],"ix":2},"nm":"Path 1","mn":"ADBE Vector Shape - Group","hd":false,"_render":true},{"ty":"st","c":{"a":0,"k":[0.92,0.92,0.92,1],"ix":3},"o":{"a":0,"k":100,"ix":4},"w":{"a":0,"k":3,"ix":5},"lc":2,"lj":2,"bm":0,"nm":"Stroke 1","mn":"ADBE Vector Graphic - Stroke","hd":false,"_render":true},{"ty":"tr","p":{"a":0,"k":[41.864,58.426],"ix":2},"a":{"a":0,"k":[0,0],"ix":1},"s":{"a":0,"k":[100,100],"ix":3},"r":{"a":0,"k":0,"ix":6},"o":{"a":0,"k":100,"ix":7},"sk":{"a":0,"k":0,"ix":4},"sa":{"a":0,"k":0,"ix":5},"nm":"Transform","_render":true}],"nm":"Group 2","np":2,"cix":2,"bm":0,"ix":2,"mn":"ADBE Vector Group","hd":false,"_render":true},{"ty":"gr","it":[{"ind":0,"ty":"sh","ix":1,"ks":{"a":1,"k":[{"i":{"x":0.667,"y":1},"o":{"x":0.333,"y":0},"t":27,"s":[{"i":[[41,52.815000000000005],[-31.207,-55.311],[-40.999,-57.629999999999995],[-40.999,59.708],[31.129,59.708]],"o":[[37.566,47.673],[-34.143,-59.708],[-40.999,-52.342],[-40.999,59.708],[37.313,59.708]],"v":[[37.566,47.673],[-31.207,-55.311],[-40.999,-52.342],[-40.999,59.708],[31.129,59.708]],"c":true}]},{"i":{"x":0.667,"y":1},"o":{"x":0.333,"y":0},"t":35,"s":[{"i":[[41,62.815000000000005],[-31.207,-35.311],[-40.999,-37.629999999999995],[-40.999,69.708],[31.129,69.708]],"o":[[37.566,57.673],[-34.143,-39.708],[-40.999,-32.342],[-40.999,69.708],[37.313,69.708]],"v":[[37.566,57.673],[-31.207,-35.311],[-40.999,-32.342],[-40.999,69.708],[31.129,69.708]],"c":true}]},{"t":42.0000017106951,"s":[{"i":[[41,52.815000000000005],[-31.207,-55.311],[-40.999,-57.629999999999995],[-40.999,59.708],[31.129,59.708]],"o":[[37.566,47.673],[-34.143,-59.708],[-40.999,-52.342],[-40.999,59.708],[37.313,59.708]],"v":[[37.566,47.673],[-31.207,-55.311],[-40.999,-52.342],[-40.999,59.708],[31.129,59.708]],"c":true}]}],"ix":2},"nm":"Path 1","mn":"ADBE Vector Shape - Group","hd":false,"_render":true},{"ty":"fl","c":{"a":0,"k":[0.1569,0.1333,0.2392,1],"ix":4},"o":{"a":0,"k":100,"ix":5},"r":1,"bm":0,"nm":"Fill 1","mn":"ADBE Vector Graphic - Fill","hd":false,"_render":true},{"ty":"tr","p":{"a":0,"k":[41.25,59.958],"ix":2},"a":{"a":0,"k":[0,0],"ix":1},"s":{"a":0,"k":[100,100],"ix":3},"r":{"a":0,"k":0,"ix":6},"o":{"a":0,"k":100,"ix":7},"sk":{"a":0,"k":0,"ix":4},"sa":{"a":0,"k":0,"ix":5},"nm":"Transform","_render":true}],"nm":"Group 3","np":2,"cix":2,"bm":0,"ix":3,"mn":"ADBE Vector Group","hd":false,"_render":true},{"ty":"gr","it":[{"ind":0,"ty":"sh","ix":1,"ks":{"a":1,"k":[{"i":{"x":0.833,"y":0.833},"o":{"x":0.333,"y":0},"t":27,"s":[{"i":[[-46.794,0.012],[46.794,-0.012]],"o":[[-46.794,0.012],[46.794,-0.012]],"v":[[-46.794,0.012],[46.794,-0.012]],"c":true}]},{"i":{"x":0.667,"y":1},"o":{"x":0.167,"y":0.167},"t":35,"s":[{"i":[[-46.794,10.012],[46.794,9.988]],"o":[[-46.794,10.012],[46.794,9.988]],"v":[[-46.794,10.012],[46.794,9.988]],"c":true}]},{"t":42.0000017106951,"s":[{"i":[[-46.794,0.012],[46.794,-0.012]],"o":[[-46.794,0.012],[46.794,-0.012]],"v":[[-46.794,0.012],[46.794,-0.012]],"c":true}]}],"ix":2},"nm":"Path 1","mn":"ADBE Vector Shape - Group","hd":false,"_render":true},{"ty":"fl","c":{"a":0,"k":[0.9294,0.3137,0.6196,1],"ix":4},"o":{"a":0,"k":100,"ix":5},"r":1,"bm":0,"nm":"Fill 1","mn":"ADBE Vector Graphic - Fill","hd":false,"_render":true},{"ty":"tr","p":{"a":0,"k":[47.044,119.655],"ix":2},"a":{"a":0,"k":[0,0],"ix":1},"s":{"a":0,"k":[100,100],"ix":3},"r":{"a":0,"k":0,"ix":6},"o":{"a":0,"k":100,"ix":7},"sk":{"a":0,"k":0,"ix":4},"sa":{"a":0,"k":0,"ix":5},"nm":"Transform","_render":true}],"nm":"Group 4","np":2,"cix":2,"bm":0,"ix":4,"mn":"ADBE Vector Group","hd":false,"_render":true}],"ip":0,"op":60.0000024438501,"st":0,"bm":0,"completed":true},{"ddd":0,"ind":5,"ty":4,"nm":"top/movie Outlines","sr":1,"ks":{"o":{"a":0,"k":100,"ix":11},"r":{"a":1,"k":[{"i":{"x":[0.786],"y":[1]},"o":{"x":[1],"y":[0]},"t":10,"s":[-30]},{"i":{"x":[0.114],"y":[1]},"o":{"x":[0.199],"y":[0]},"t":31,"s":[0]},{"t":49.0000019958109,"s":[-30]}],"ix":10},"p":{"a":0,"k":[60,225,0],"ix":2},"a":{"a":0,"k":[7,62,0],"ix":1},"s":{"a":0,"k":[100,100,100],"ix":6}},"ao":0,"shapes":[{"ty":"gr","it":[{"ind":0,"ty":"sh","ix":1,"ks":{"a":1,"k":[{"i":{"x":0.667,"y":1},"o":{"x":0.333,"y":0},"t":27,"s":[{"i":[[26.91,-18.14],[26.91,27.48],[-26.91,-27.48],[6.04,-27.48]],"o":[[26.91,-6.62],[26.91,27.48],[-26.91,-27.48],[17.569,-27.48]],"v":[[26.91,-6.62],[26.91,27.48],[-26.91,-27.48],[6.04,-27.48]],"c":true}]},{"i":{"x":0.667,"y":1},"o":{"x":0.333,"y":0},"t":35,"s":[{"i":[[46.007,-9.629],[42.491,46.986],[-10.776,-10.412],[22.174,-10.412]],"o":[[46.007,1.891],[42.491,46.986],[-10.776,-10.412],[33.703,-10.412]],"v":[[46.007,1.891],[42.491,46.986],[-10.776,-10.412],[22.174,-10.412]],"c":true}]},{"t":42.0000017106951,"s":[{"i":[[26.91,-18.14],[26.91,27.48],[-26.91,-27.48],[6.04,-27.48]],"o":[[26.91,-6.62],[26.91,27.48],[-26.91,-27.48],[17.569,-27.48]],"v":[[26.91,-6.62],[26.91,27.48],[-26.91,-27.48],[6.04,-27.48]],"c":true}]}],"ix":2},"nm":"Path 1","mn":"ADBE Vector Shape - Group","hd":false,"_render":true},{"ty":"fl","c":{"a":0,"k":[0.9294,0.3137,0.6196,1],"ix":4},"o":{"a":0,"k":100,"ix":5},"r":1,"bm":0,"nm":"Fill 1","mn":"ADBE Vector Graphic - Fill","hd":false,"_render":true},{"ty":"tr","p":{"a":0,"k":[230.611,27.73],"ix":2},"a":{"a":0,"k":[0,0],"ix":1},"s":{"a":0,"k":[100,100],"ix":3},"r":{"a":0,"k":0,"ix":6},"o":{"a":0,"k":100,"ix":7},"sk":{"a":0,"k":0,"ix":4},"sa":{"a":0,"k":0,"ix":5},"nm":"Transform","_render":true}],"nm":"Group 1","np":2,"cix":2,"bm":0,"ix":1,"mn":"ADBE Vector Group","hd":false,"_render":true},{"ty":"gr","it":[{"ind":0,"ty":"sh","ix":1,"ks":{"a":1,"k":[{"i":{"x":0.667,"y":1},"o":{"x":0.333,"y":0},"t":27,"s":[{"i":[[52.15,32.495],[52.02,32.625],[11.751,32.625],[-52.15,-32.625],[-9.74,-32.625]],"o":[[52.15,32.495],[52.02,32.625],[11.751,32.625],[-52.15,-32.625],[-9.74,-32.625]],"v":[[52.15,32.495],[52.02,32.625],[11.751,32.625],[-52.15,-32.625],[-9.74,-32.625]],"c":true}]},{"i":{"x":0.667,"y":1},"o":{"x":0.333,"y":0},"t":35,"s":[{"i":[[67.731,52.001],[67.601,52.131],[27.332,52.131],[-36.016,-15.557],[6.394,-15.557]],"o":[[67.731,52.001],[67.601,52.131],[27.332,52.131],[-36.016,-15.557],[6.394,-15.557]],"v":[[67.731,52.001],[67.601,52.131],[27.332,52.131],[-36.016,-15.557],[6.394,-15.557]],"c":true}]},{"t":42.0000017106951,"s":[{"i":[[52.15,32.495],[52.02,32.625],[11.751,32.625],[-52.15,-32.625],[-9.74,-32.625]],"o":[[52.15,32.495],[52.02,32.625],[11.751,32.625],[-52.15,-32.625],[-9.74,-32.625]],"v":[[52.15,32.495],[52.02,32.625],[11.751,32.625],[-52.15,-32.625],[-9.74,-32.625]],"c":true}]}],"ix":2},"nm":"Path 1","mn":"ADBE Vector Shape - Group","hd":false,"_render":true},{"ty":"fl","c":{"a":0,"k":[0.9294,0.3137,0.6196,1],"ix":4},"o":{"a":0,"k":100,"ix":5},"r":1,"bm":0,"nm":"Fill 1","mn":"ADBE Vector Graphic - Fill","hd":false,"_render":true},{"ty":"tr","p":{"a":0,"k":[175.85,32.875],"ix":2},"a":{"a":0,"k":[0,0],"ix":1},"s":{"a":0,"k":[100,100],"ix":3},"r":{"a":0,"k":0,"ix":6},"o":{"a":0,"k":100,"ix":7},"sk":{"a":0,"k":0,"ix":4},"sa":{"a":0,"k":0,"ix":5},"nm":"Transform","_render":true}],"nm":"Group 2","np":2,"cix":2,"bm":0,"ix":2,"mn":"ADBE Vector Group","hd":false,"_render":true},{"ty":"gr","it":[{"ind":0,"ty":"sh","ix":1,"ks":{"a":1,"k":[{"i":{"x":0.667,"y":1},"o":{"x":0.333,"y":0},"t":27,"s":[{"i":[[52.15,32.495],[52.02,32.625],[11.751,32.625],[-52.15,-32.625],[-9.74,-32.625]],"o":[[52.15,32.495],[52.02,32.625],[11.751,32.625],[-52.15,-32.625],[-9.74,-32.625]],"v":[[52.15,32.495],[52.02,32.625],[11.751,32.625],[-52.15,-32.625],[-9.74,-32.625]],"c":true}]},{"i":{"x":0.667,"y":1},"o":{"x":0.333,"y":0},"t":35,"s":[{"i":[[67.731,52.001],[67.601,52.131],[27.332,52.131],[-36.016,-15.557],[6.394,-15.557]],"o":[[67.731,52.001],[67.601,52.131],[27.332,52.131],[-36.016,-15.557],[6.394,-15.557]],"v":[[67.731,52.001],[67.601,52.131],[27.332,52.131],[-36.016,-15.557],[6.394,-15.557]],"c":true}]},{"t":42.0000017106951,"s":[{"i":[[52.15,32.495],[52.02,32.625],[11.751,32.625],[-52.15,-32.625],[-9.74,-32.625]],"o":[[52.15,32.495],[52.02,32.625],[11.751,32.625],[-52.15,-32.625],[-9.74,-32.625]],"v":[[52.15,32.495],[52.02,32.625],[11.751,32.625],[-52.15,-32.625],[-9.74,-32.625]],"c":true}]}],"ix":2},"nm":"Path 1","mn":"ADBE Vector Shape - Group","hd":false,"_render":true},{"ty":"fl","c":{"a":0,"k":[0.9294,0.3137,0.6196,1],"ix":4},"o":{"a":0,"k":100,"ix":5},"r":1,"bm":0,"nm":"Fill 1","mn":"ADBE Vector Graphic - Fill","hd":false,"_render":true},{"ty":"tr","p":{"a":0,"k":[105.85,32.875],"ix":2},"a":{"a":0,"k":[0,0],"ix":1},"s":{"a":0,"k":[100,100],"ix":3},"r":{"a":0,"k":0,"ix":6},"o":{"a":0,"k":100,"ix":7},"sk":{"a":0,"k":0,"ix":4},"sa":{"a":0,"k":0,"ix":5},"nm":"Transform","_render":true}],"nm":"Group 3","np":2,"cix":2,"bm":0,"ix":3,"mn":"ADBE Vector Group","hd":false,"_render":true},{"ty":"gr","it":[{"ind":0,"ty":"sh","ix":1,"ks":{"a":1,"k":[{"i":{"x":0.667,"y":1},"o":{"x":0.333,"y":0},"t":27,"s":[{"i":[[128.635,-23.31],[128.635,32.65],[-128.636,32.65],[-128.636,-11.79],[-119.295,-32.65],[-75.185,-32.65],[-11.285,32.6],[28.985,32.6],[29.114,32.47],[-32.775,-32.65],[107.765,-32.65]],"o":[[128.635,-11.79],[128.635,32.65],[-128.636,32.65],[-128.636,-23.31],[-107.775,-32.65],[-75.185,-32.65],[-11.285,32.6],[28.985,32.6],[29.114,32.47],[-32.775,-32.65],[119.294,-32.65]],"v":[[128.635,-11.79],[128.635,32.65],[-128.636,32.65],[-128.636,-11.79],[-107.775,-32.65],[-75.185,-32.65],[-11.285,32.6],[28.985,32.6],[29.114,32.47],[-32.775,-32.65],[107.765,-32.65]],"c":true}]},{"i":{"x":0.667,"y":1},"o":{"x":0.333,"y":0},"t":35,"s":[{"i":[[146.978,-15.995],[144.217,52.155],[-133.054,52.155],[-132.502,5.278],[-123.161,-15.582],[-59.051,-15.582],[4.297,52.106],[44.567,52.106],[44.696,51.976],[-16.641,-15.582],[123.899,-15.582]],"o":[[146.978,-4.475],[144.217,52.155],[-133.054,52.155],[-132.502,-6.242],[-111.641,-15.582],[-59.051,-15.582],[4.297,52.106],[44.567,52.106],[44.696,51.976],[-16.641,-15.582],[135.428,-15.582]],"v":[[146.978,-4.475],[144.217,52.155],[-133.054,52.155],[-132.502,5.278],[-111.641,-15.582],[-59.051,-15.582],[4.297,52.106],[44.567,52.106],[44.696,51.976],[-16.641,-15.582],[123.899,-15.582]],"c":true}]},{"t":42.0000017106951,"s":[{"i":[[128.635,-23.31],[128.635,32.65],[-128.636,32.65],[-128.636,-11.79],[-119.295,-32.65],[-75.185,-32.65],[-11.285,32.6],[28.985,32.6],[29.114,32.47],[-32.775,-32.65],[107.765,-32.65]],"o":[[128.635,-11.79],[128.635,32.65],[-128.636,32.65],[-128.636,-23.31],[-107.775,-32.65],[-75.185,-32.65],[-11.285,32.6],[28.985,32.6],[29.114,32.47],[-32.775,-32.65],[119.294,-32.65]],"v":[[128.635,-11.79],[128.635,32.65],[-128.636,32.65],[-128.636,-11.79],[-107.775,-32.65],[-75.185,-32.65],[-11.285,32.6],[28.985,32.6],[29.114,32.47],[-32.775,-32.65],[107.765,-32.65]],"c":true}]}],"ix":2},"nm":"Path 1","mn":"ADBE Vector Shape - Group","hd":false,"_render":true},{"ty":"fl","c":{"a":0,"k":[0.1392,0.1386,0.1414,1],"ix":4},"o":{"a":0,"k":100,"ix":5},"r":1,"bm":0,"nm":"Fill 1","mn":"ADBE Vector Graphic - Fill","hd":false,"_render":true},{"ty":"tr","p":{"a":0,"k":[128.885,32.9],"ix":2},"a":{"a":0,"k":[0,0],"ix":1},"s":{"a":0,"k":[100,100],"ix":3},"r":{"a":0,"k":0,"ix":6},"o":{"a":0,"k":100,"ix":7},"sk":{"a":0,"k":0,"ix":4},"sa":{"a":0,"k":0,"ix":5},"nm":"Transform","_render":true}],"nm":"Group 4","np":2,"cix":2,"bm":0,"ix":4,"mn":"ADBE Vector Group","hd":false,"_render":true}],"ip":0,"op":60.0000024438501,"st":0,"bm":0,"completed":true},{"ddd":0,"ind":6,"ty":4,"nm":"bottom/movie Outlines","sr":1,"ks":{"o":{"a":0,"k":100,"ix":11},"r":{"a":0,"k":0,"ix":10},"p":{"a":0,"k":[180,310,0],"ix":2},"a":{"a":0,"k":[129,82.5,0],"ix":1},"s":{"a":0,"k":[100,100,100],"ix":6}},"ao":0,"shapes":[{"ty":"gr","it":[{"ind":0,"ty":"sh","ix":1,"ks":{"a":1,"k":[{"i":{"x":0.667,"y":1},"o":{"x":0.333,"y":0},"t":27,"s":[{"i":[[26.305,-25.935],[26.305,14.514],[14.964,25.935],[-26.305,25.935]],"o":[[26.305,-25.935],[26.305,14.514],[14.964,25.935],[-26.305,25.935]],"v":[[26.305,-25.935],[26.305,14.514],[14.964,25.935],[-26.305,25.935]],"c":true}]},{"i":{"x":0.667,"y":1},"o":{"x":0.333,"y":0},"t":35,"s":[{"i":[[46.305,-5.935],[46.305,24.514],[34.964,35.935],[-6.305,35.935]],"o":[[46.305,-5.935],[46.305,24.514],[34.964,35.935],[-6.305,35.935]],"v":[[46.305,-5.935],[46.305,24.514],[34.964,35.935],[-6.305,35.935]],"c":true}]},{"t":42.0000017106951,"s":[{"i":[[26.305,-25.935],[26.305,14.514],[14.964,25.935],[-26.305,25.935]],"o":[[26.305,-25.935],[26.305,14.514],[14.964,25.935],[-26.305,25.935]],"v":[[26.305,-25.935],[26.305,14.514],[14.964,25.935],[-26.305,25.935]],"c":true}]}],"ix":2},"nm":"Path 1","mn":"ADBE Vector Shape - Group","hd":false,"_render":true},{"ty":"fl","c":{"a":0,"k":[0.9294,0.3137,0.6196,1],"ix":4},"o":{"a":0,"k":100,"ix":5},"r":1,"bm":0,"nm":"Fill 1","mn":"ADBE Vector Graphic - Fill","hd":false,"_render":true},{"ty":"tr","p":{"a":0,"k":[231.216,26.365],"ix":2},"a":{"a":0,"k":[0,0],"ix":1},"s":{"a":0,"k":[100,100],"ix":3},"r":{"a":0,"k":0,"ix":6},"o":{"a":0,"k":100,"ix":7},"sk":{"a":0,"k":0,"ix":4},"sa":{"a":0,"k":0,"ix":5},"nm":"Transform","_render":true}],"nm":"Group 1","np":2,"cix":2,"bm":0,"ix":1,"mn":"ADBE Vector Group","hd":false,"_render":true},{"ty":"gr","it":[{"ind":0,"ty":"sh","ix":1,"ks":{"a":1,"k":[{"i":{"x":0.667,"y":1},"o":{"x":0.333,"y":0},"t":27,"s":[{"i":[[46.455,-26],[-5.186,26],[-46.455,26],[6.285,-26]],"o":[[46.455,-26],[-5.186,26],[-46.455,26],[6.285,-26]],"v":[[46.455,-26],[-5.186,26],[-46.455,26],[6.285,-26]],"c":true}]},{"i":{"x":0.667,"y":1},"o":{"x":0.333,"y":0},"t":35,"s":[{"i":[[66.455,-6],[14.814,36],[-22.955,35],[26.285,-6]],"o":[[66.455,-6],[14.814,36],[-22.955,35],[26.285,-6]],"v":[[66.455,-6],[14.814,36],[-22.955,35],[26.285,-6]],"c":true}]},{"t":42.0000017106951,"s":[{"i":[[46.455,-26],[-5.186,26],[-46.455,26],[6.285,-26]],"o":[[46.455,-26],[-5.186,26],[-46.455,26],[6.285,-26]],"v":[[46.455,-26],[-5.186,26],[-46.455,26],[6.285,-26]],"c":true}]}],"ix":2},"nm":"Path 1","mn":"ADBE Vector Shape - Group","hd":false,"_render":true},{"ty":"fl","c":{"a":0,"k":[0.9294,0.3137,0.6196,1],"ix":4},"o":{"a":0,"k":100,"ix":5},"r":1,"bm":0,"nm":"Fill 1","mn":"ADBE Vector Graphic - Fill","hd":false,"_render":true},{"ty":"tr","p":{"a":0,"k":[181.366,26.3],"ix":2},"a":{"a":0,"k":[0,0],"ix":1},"s":{"a":0,"k":[100,100],"ix":3},"r":{"a":0,"k":0,"ix":6},"o":{"a":0,"k":100,"ix":7},"sk":{"a":0,"k":0,"ix":4},"sa":{"a":0,"k":0,"ix":5},"nm":"Transform","_render":true}],"nm":"Group 2","np":2,"cix":2,"bm":0,"ix":2,"mn":"ADBE Vector Group","hd":false,"_render":true},{"ty":"gr","it":[{"ind":0,"ty":"sh","ix":1,"ks":{"a":1,"k":[{"i":{"x":0.833,"y":0.833},"o":{"x":0.333,"y":0},"t":27,"s":[{"i":[[46.455,-26],[-5.185,26],[-46.455,26],[6.285,-26]],"o":[[46.455,-26],[-5.185,26],[-46.455,26],[6.285,-26]],"v":[[46.455,-26],[-5.185,26],[-46.455,26],[6.285,-26]],"c":true}]},{"i":{"x":0.833,"y":0.833},"o":{"x":0.167,"y":0.167},"t":33,"s":[{"i":[[54.711,-9.419],[6.198,34.63],[-37.038,34.54],[16.078,-9.419]],"o":[[54.711,-9.419],[6.198,34.63],[-37.038,34.54],[16.078,-9.419]],"v":[[54.711,-9.419],[6.198,34.63],[-37.038,34.54],[16.078,-9.419]],"c":true}]},{"i":{"x":0.833,"y":0.833},"o":{"x":0.167,"y":0.167},"t":35,"s":[{"i":[[60.455,-6],[12.315,36.5],[-32.955,36],[23.285,-6]],"o":[[60.455,-6],[12.315,36.5],[-32.955,36],[23.285,-6]],"v":[[60.455,-6],[12.315,36.5],[-32.955,36],[23.285,-6]],"c":true}]},{"i":{"x":0.667,"y":1},"o":{"x":0.167,"y":0.167},"t":37,"s":[{"i":[[54.711,-9.419],[6.198,34.63],[-37.038,34.54],[16.078,-9.419]],"o":[[54.711,-9.419],[6.198,34.63],[-37.038,34.54],[16.078,-9.419]],"v":[[54.711,-9.419],[6.198,34.63],[-37.038,34.54],[16.078,-9.419]],"c":true}]},{"t":42.0000017106951,"s":[{"i":[[46.455,-26],[-5.185,26],[-46.455,26],[6.285,-26]],"o":[[46.455,-26],[-5.185,26],[-46.455,26],[6.285,-26]],"v":[[46.455,-26],[-5.185,26],[-46.455,26],[6.285,-26]],"c":true}]}],"ix":2},"nm":"Path 1","mn":"ADBE Vector Shape - Group","hd":false,"_render":true},{"ty":"fl","c":{"a":0,"k":[0.9294,0.3137,0.6196,1],"ix":4},"o":{"a":0,"k":100,"ix":5},"r":1,"bm":0,"nm":"Fill 1","mn":"ADBE Vector Graphic - Fill","hd":false,"_render":true},{"ty":"tr","p":{"a":0,"k":[111.545,26.275],"ix":2},"a":{"a":0,"k":[0,0],"ix":1},"s":{"a":0,"k":[100,100],"ix":3},"r":{"a":0,"k":0,"ix":6},"o":{"a":0,"k":100,"ix":7},"sk":{"a":0,"k":0,"ix":4},"sa":{"a":0,"k":0,"ix":5},"nm":"Transform","_render":true}],"nm":"Group 3","np":2,"cix":2,"bm":0,"ix":3,"mn":"ADBE Vector Group","hd":false,"_render":true},{"ty":"gr","it":[{"ind":0,"ty":"sh","ix":1,"ks":{"a":1,"k":[{"i":{"x":0.667,"y":1},"o":{"x":0.333,"y":0},"t":27,"s":[{"i":[[22.498,-3.074],[-12.357,-24.48],[-22.497,-24.012],[-22.497,18.807],[-16.791999999999998,27.203],[18.268,5.672]],"o":[[18.268,-5.672],[-16.791999999999998,-27.203],[-22.497,-18.808],[-22.497,24.012],[-12.357,24.479],[22.498,3.0729999999999995]],"v":[[18.268,-5.672],[-12.357,-24.48],[-22.497,-18.808],[-22.497,18.807],[-12.357,24.479],[18.268,5.672]],"c":true}]},{"i":{"x":0.667,"y":1},"o":{"x":0.333,"y":0},"t":35,"s":[{"i":[[39.998000000000005,1.9259999999999997],[-24.857,-14.48],[-34.997,-14.012],[-34.997,23.807],[-29.291999999999998,32.203],[35.768,10.672]],"o":[[35.768,-0.672],[-29.291999999999998,-17.203],[-34.997,-8.808],[-34.997,29.012],[-24.857,29.479],[39.998000000000005,8.073]],"v":[[35.768,-0.672],[-24.857,-14.48],[-34.997,-8.808],[-34.997,23.807],[-24.857,29.479],[35.768,10.672]],"c":true}]},{"t":42.0000017106951,"s":[{"i":[[22.498,-3.074],[-12.357,-24.48],[-22.497,-24.012],[-22.497,18.807],[-16.791999999999998,27.203],[18.268,5.672]],"o":[[18.268,-5.672],[-16.791999999999998,-27.203],[-22.497,-18.808],[-22.497,24.012],[-12.357,24.479],[22.498,3.0729999999999995]],"v":[[18.268,-5.672],[-12.357,-24.48],[-22.497,-18.808],[-22.497,18.807],[-12.357,24.479],[18.268,5.672]],"c":true}]}],"ix":2},"nm":"Path 1","mn":"ADBE Vector Shape - Group","hd":false,"_render":true},{"ty":"fl","c":{"a":0,"k":[0.92,0.92,0.92,1],"ix":4},"o":{"a":0,"k":100,"ix":5},"r":1,"bm":0,"nm":"Fill 1","mn":"ADBE Vector Graphic - Fill","hd":false,"_render":true},{"ty":"tr","p":{"a":0,"k":[142.491,103.655],"ix":2},"a":{"a":0,"k":[0,0],"ix":1},"s":{"a":0,"k":[100,100],"ix":3},"r":{"a":0,"k":0,"ix":6},"o":{"a":0,"k":100,"ix":7},"sk":{"a":0,"k":0,"ix":4},"sa":{"a":0,"k":0,"ix":5},"nm":"Transform","_render":true}],"nm":"Group 4","np":2,"cix":2,"bm":0,"ix":4,"mn":"ADBE Vector Group","hd":false,"_render":true},{"ty":"gr","it":[{"ind":0,"ty":"sh","ix":1,"ks":{"a":1,"k":[{"i":{"x":0.667,"y":1},"o":{"x":0.333,"y":0},"t":27,"s":[{"i":[[128.635,4.5],[-128.635,4.5],[-128.635,-4.5],[128.635,-4.5]],"o":[[128.635,4.5],[-128.635,4.5],[-128.635,-4.5],[128.635,-4.5]],"v":[[128.635,4.5],[-128.635,4.5],[-128.635,-4.5],[128.635,-4.5]],"c":true}]},{"i":{"x":0.667,"y":1},"o":{"x":0.333,"y":0},"t":35,"s":[{"i":[[148.635,14.5],[-128.635,14.5],[-128.635,5.5],[148.635,5.5]],"o":[[148.635,14.5],[-128.635,14.5],[-128.635,5.5],[148.635,5.5]],"v":[[148.635,14.5],[-128.635,14.5],[-128.635,5.5],[148.635,5.5]],"c":true}]},{"t":42.0000017106951,"s":[{"i":[[128.635,4.5],[-128.635,4.5],[-128.635,-4.5],[128.635,-4.5]],"o":[[128.635,4.5],[-128.635,4.5],[-128.635,-4.5],[128.635,-4.5]],"v":[[128.635,4.5],[-128.635,4.5],[-128.635,-4.5],[128.635,-4.5]],"c":true}]}],"ix":2},"nm":"Path 1","mn":"ADBE Vector Shape - Group","hd":false,"_render":true},{"ty":"fl","c":{"a":0,"k":[0.82,0.82,0.82,1],"ix":4},"o":{"a":0,"k":100,"ix":5},"r":1,"bm":0,"nm":"Fill 1","mn":"ADBE Vector Graphic - Fill","hd":false,"_render":true},{"ty":"tr","p":{"a":0,"k":[128.885,56.8],"ix":2},"a":{"a":0,"k":[0,0],"ix":1},"s":{"a":0,"k":[100,100],"ix":3},"r":{"a":0,"k":0,"ix":6},"o":{"a":0,"k":100,"ix":7},"sk":{"a":0,"k":0,"ix":4},"sa":{"a":0,"k":0,"ix":5},"nm":"Transform","_render":true}],"nm":"Group 5","np":2,"cix":2,"bm":0,"ix":5,"mn":"ADBE Vector Group","hd":false,"_render":true},{"ty":"gr","it":[{"ind":0,"ty":"sh","ix":1,"ks":{"a":1,"k":[{"i":{"x":0.667,"y":1},"o":{"x":0.333,"y":0},"t":27,"s":[{"i":[[128.635,-26.025],[128.635,26.025],[-22.706,26.025],[28.935,-25.975],[-11.234,-25.975],[-63.975,26.025],[-128.635,26.025],[-128.635,-26.025]],"o":[[128.635,-26.025],[128.635,26.025],[-22.706,26.025],[28.935,-25.975],[-11.234,-25.975],[-63.975,26.025],[-128.635,26.025],[-128.635,-26.025]],"v":[[128.635,-26.025],[128.635,26.025],[-22.706,26.025],[28.935,-25.975],[-11.234,-25.975],[-63.975,26.025],[-128.635,26.025],[-128.635,-26.025]],"c":true}]},{"i":{"x":0.667,"y":1},"o":{"x":0.333,"y":0},"t":35,"s":[{"i":[[148.635,-6.025],[148.635,36.025],[-22.706,36.025],[28.935,-5.975],[5.766,-5.975],[-49.975,36.05],[-128.635,36.025],[-128.635,-6.025]],"o":[[148.635,-6.025],[148.635,36.025],[-22.706,36.025],[28.935,-5.975],[5.766,-5.975],[-49.975,36.05],[-128.635,36.025],[-128.635,-6.025]],"v":[[148.635,-6.025],[148.635,36.025],[-22.706,36.025],[28.935,-5.975],[5.766,-5.975],[-49.975,36.05],[-128.635,36.025],[-128.635,-6.025]],"c":true}]},{"t":42.0000017106951,"s":[{"i":[[128.635,-26.025],[128.635,26.025],[-22.706,26.025],[28.935,-25.975],[-11.234,-25.975],[-63.975,26.025],[-128.635,26.025],[-128.635,-26.025]],"o":[[128.635,-26.025],[128.635,26.025],[-22.706,26.025],[28.935,-25.975],[-11.234,-25.975],[-63.975,26.025],[-128.635,26.025],[-128.635,-26.025]],"v":[[128.635,-26.025],[128.635,26.025],[-22.706,26.025],[28.935,-25.975],[-11.234,-25.975],[-63.975,26.025],[-128.635,26.025],[-128.635,-26.025]],"c":true}]}],"ix":2},"nm":"Path 1","mn":"ADBE Vector Shape - Group","hd":false,"_render":true},{"ty":"fl","c":{"a":0,"k":[0.1392,0.1386,0.1414,1],"ix":4},"o":{"a":0,"k":100,"ix":5},"r":1,"bm":0,"nm":"Fill 1","mn":"ADBE Vector Graphic - Fill","hd":false,"_render":true},{"ty":"tr","p":{"a":0,"k":[128.885,26.275],"ix":2},"a":{"a":0,"k":[0,0],"ix":1},"s":{"a":0,"k":[100,100],"ix":3},"r":{"a":0,"k":0,"ix":6},"o":{"a":0,"k":100,"ix":7},"sk":{"a":0,"k":0,"ix":4},"sa":{"a":0,"k":0,"ix":5},"nm":"Transform","_render":true}],"nm":"Group 6","np":2,"cix":2,"bm":0,"ix":6,"mn":"ADBE Vector Group","hd":false,"_render":true},{"ty":"gr","it":[{"ind":0,"ty":"sh","ix":1,"ks":{"a":1,"k":[{"i":{"x":0.667,"y":1},"o":{"x":0.333,"y":0},"t":27,"s":[{"i":[[124.281,-52.05],[124.281,36],[122.67,44.669999999999995],[-111.899,52.05],[-124.281,46.5],[-124.281,-52.05]],"o":[[124.281,-52.05],[124.281,36],[114.349,52.05],[-118.74,52.05],[-124.281,39.67],[-124.281,-52.05]],"v":[[124.281,-52.05],[124.281,36],[114.349,52.05],[-111.899,52.05],[-124.281,39.67],[-124.281,-52.05]],"c":true}]},{"i":{"x":0.667,"y":1},"o":{"x":0.333,"y":0},"t":35,"s":[{"i":[[144.281,-42.05],[144.281,36],[142.67,44.669999999999995],[-111.899,52.05],[-124.281,46.5],[-124.281,-42.05]],"o":[[144.281,-42.05],[144.281,36],[134.349,52.05],[-118.74,52.05],[-124.281,39.67],[-124.281,-42.05]],"v":[[144.281,-42.05],[144.281,36],[134.349,52.05],[-111.899,52.05],[-124.281,39.67],[-124.281,-42.05]],"c":true}]},{"t":42.0000017106951,"s":[{"i":[[124.281,-52.05],[124.281,36],[122.67,44.669999999999995],[-111.899,52.05],[-124.281,46.5],[-124.281,-52.05]],"o":[[124.281,-52.05],[124.281,36],[114.349,52.05],[-118.74,52.05],[-124.281,39.67],[-124.281,-52.05]],"v":[[124.281,-52.05],[124.281,36],[114.349,52.05],[-111.899,52.05],[-124.281,39.67],[-124.281,-52.05]],"c":true}]}],"ix":2},"nm":"Path 1","mn":"ADBE Vector Shape - Group","hd":false,"_render":true},{"ty":"fl","c":{"a":0,"k":[0.1631,0.1425,0.2375,1],"ix":4},"o":{"a":0,"k":100,"ix":5},"r":1,"bm":0,"nm":"Fill 1","mn":"ADBE Vector Graphic - Fill","hd":false,"_render":true},{"ty":"tr","p":{"a":0,"k":[124.53,112.25],"ix":2},"a":{"a":0,"k":[0,0],"ix":1},"s":{"a":0,"k":[100,100],"ix":3},"r":{"a":0,"k":0,"ix":6},"o":{"a":0,"k":100,"ix":7},"sk":{"a":0,"k":0,"ix":4},"sa":{"a":0,"k":0,"ix":5},"nm":"Transform","_render":true}],"nm":"Group 7","np":2,"cix":2,"bm":0,"ix":7,"mn":"ADBE Vector Group","hd":false,"_render":true},{"ty":"gr","it":[{"ind":0,"ty":"sh","ix":1,"ks":{"a":1,"k":[{"i":{"x":0.667,"y":1},"o":{"x":0.333,"y":0},"t":27,"s":[{"i":[[9.321,-52.05],[9.321,39.67],[3.7809999999999997,52.05],[-9.321,52.05],[0.611,36],[0.611,-52.05]],"o":[[9.321,-52.05],[9.321,46.5],[-3.059,52.05],[-1,44.669999999999995],[0.611,36],[0.611,-52.05]],"v":[[9.321,-52.05],[9.321,39.67],[-3.059,52.05],[-9.321,52.05],[0.611,36],[0.611,-52.05]],"c":true}]},{"i":{"x":0.667,"y":1},"o":{"x":0.333,"y":0},"t":35,"s":[{"i":[[29.321,-42.05],[29.321,39.67],[23.781,52.05],[10.679,52.05],[20.611,36],[20.611,-42.05]],"o":[[29.321,-42.05],[29.321,46.5],[16.941,52.05],[19,44.669999999999995],[20.611,36],[20.611,-42.05]],"v":[[29.321,-42.05],[29.321,39.67],[16.941,52.05],[10.679,52.05],[20.611,36],[20.611,-42.05]],"c":true}]},{"t":42.0000017106951,"s":[{"i":[[9.321,-52.05],[9.321,39.67],[3.7809999999999997,52.05],[-9.321,52.05],[0.611,36],[0.611,-52.05]],"o":[[9.321,-52.05],[9.321,46.5],[-3.059,52.05],[-1,44.669999999999995],[0.611,36],[0.611,-52.05]],"v":[[9.321,-52.05],[9.321,39.67],[-3.059,52.05],[-9.321,52.05],[0.611,36],[0.611,-52.05]],"c":true}]}],"ix":2},"nm":"Path 1","mn":"ADBE Vector Shape - Group","hd":false,"_render":true},{"ty":"fl","c":{"a":0,"k":[0.1288,0.1125,0.1875,1],"ix":4},"o":{"a":0,"k":100,"ix":5},"r":1,"bm":0,"nm":"Fill 1","mn":"ADBE Vector Graphic - Fill","hd":false,"_render":true},{"ty":"tr","p":{"a":0,"k":[248.2,112.25],"ix":2},"a":{"a":0,"k":[0,0],"ix":1},"s":{"a":0,"k":[100,100],"ix":3},"r":{"a":0,"k":0,"ix":6},"o":{"a":0,"k":100,"ix":7},"sk":{"a":0,"k":0,"ix":4},"sa":{"a":0,"k":0,"ix":5},"nm":"Transform","_render":true}],"nm":"Group 8","np":2,"cix":2,"bm":0,"ix":8,"mn":"ADBE Vector Group","hd":false,"_render":true}],"ip":0,"op":60.0000024438501,"st":0,"bm":0,"completed":true}],"markers":[],"__complete":true}